<?xml version="1.0" encoding="UTF-8" standalone="yes"?>
<addon id="script.module.lambdascrapers" name="Lambdascrapers Module [COLOR red]UNINSTALL ME[/COLOR]" version="1.8.2.9.02" provider-name="13Clowns">
    <extension point="xbmc.python.module" library="lib" />
    <extension point="xbmc.python.pluginsource" library="lib/default.py">
        <provides>executable</provides>
    </extension>
    <extension point="xbmc.service" library="CleanupService.py" start="startup" />
        <extension point="xbmc.addon.metadata">
            <platform>all</platform>
            <summary lang="en"></summary>
            <description></description>
            <disclaimer lang="en"></disclaimer>
            <license>GNU GENERAL PUBLIC LICENSE. Version 3, 29 June 2007</license>
		    <broken>disable</broken>
        </extension>
</addon>
