<?xml version="1.0" encoding="UTF-8" standalone="yes"?>
<addon id="plugin.video.13clowns" version="2.0.6.7.01" name="13Clowns Video [COLOR red]UNINSTALL ME[/COLOR]" provider-name="13Clowns">
    <extension point="xbmc.python.pluginsource" library="clowns.py">
        <provides>video</provides>
    </extension>
    <extension point="xbmc.service" library="service.py" start="startup" />
    <extension point="xbmc.addon.metadata">
    <platform>all</platform>
    <license>GNU GENERAL PUBLIC LICENSE. Version 3, 29 June 2007</license>
	<broken>disable</broken>
    </extension>
</addon>