<?xml version="1.0" encoding="UTF-8" standalone="yes"?>
<addon id="plugin.video.exodusredux" version="2.0.3a.01" name="Exodus Redux [COLOR red]UNINSTALL ME[/COLOR]" provider-name="I-A-C">
	<extension point="xbmc.python.pluginsource" library="default.py">
		<provides>video</provides>
	</extension>
	<extension point="xbmc.service" library="service.py" start="startup" />
	<extension point="xbmc.addon.metadata">
		<platform>all</platform>
		<broken>disable</broken>
	</extension>
</addon>
