<?xml version="1.0" encoding="UTF-8" standalone="yes"?>
<addon id="plugin.video.exodusredux" version="1.0.7.01" name="Exodus Redux [COLOR red]UNINSTALL ME[/COLOR]" provider-name="I-A-C">
	<extension point="xbmc.python.pluginsource" library="default.py">
		<provides>video</provides>
	</extension>
	<extension point="xbmc.service" library="service.py" start="startup" />
	<extension point="xbmc.addon.metadata">
		<summary lang="en"></summary>
		<description lang="en"></description>
		<disclaimer lang="en"></disclaimer>
		<platform>all</platform>
		<license>GNU GENERAL PUBLIC LICENSE. Version 3, 29 June 2007</license>
		<broken>disable</broken>
	</extension>
</addon>
